"Reference","Qty","Value","DNP","Exclude from BOM","Exclude from Board","Exclude from Simulation","Exclude from Position Files","Footprint","Datasheet"
"BT1","1","Battery","","","","","${EXCLUDE_FROM_POS_FILES}","",""
"C1,C4,C6","3","100u","","","","","${EXCLUDE_FROM_POS_FILES}","",""
"C2,C5","2","68u","","","","","${EXCLUDE_FROM_POS_FILES}","",""
"C3,C9","2","43p","","","","","${EXCLUDE_FROM_POS_FILES}","",""
"C7,C10","2","470n","","","","","${EXCLUDE_FROM_POS_FILES}","",""
"C8,C14,C16,C20","4","10u","","","","","${EXCLUDE_FROM_POS_FILES}","",""
"C11,C13","2","100n","","","","","${EXCLUDE_FROM_POS_FILES}","",""
"C12,C23","2","22u","","","","","${EXCLUDE_FROM_POS_FILES}","",""
"C15","1","10n","","","","","${EXCLUDE_FROM_POS_FILES}","",""
"C17","1","15p","","","","","${EXCLUDE_FROM_POS_FILES}","",""
"C18","1","150u","","","","","${EXCLUDE_FROM_POS_FILES}","",""
"C19","1","47n","","","","","${EXCLUDE_FROM_POS_FILES}","",""
"C21","1","4u7","","","","","${EXCLUDE_FROM_POS_FILES}","",""
"C22","1","0u1","","","","","${EXCLUDE_FROM_POS_FILES}","",""
"C24","1","1u","","","","","${EXCLUDE_FROM_POS_FILES}","",""
"D1,D2,D3,D4","4","SMBJ22CA","","","","","${EXCLUDE_FROM_POS_FILES}","ICs And Semiconductors SMD:DIOM5336X265N","${CERN_DATASHEET_DIR}\LITTELFUSE_SMBJ.pdf"
"J1,J2","2","Conn_01x04","","","","","${EXCLUDE_FROM_POS_FILES}","",""
"J3","1","Sol1Conn","","","","","${EXCLUDE_FROM_POS_FILES}","",""
"J4","1","Sol2Conn","","","","","${EXCLUDE_FROM_POS_FILES}","",""
"J5","1","Sol3Conn","","","","","${EXCLUDE_FROM_POS_FILES}","",""
"J6","1","Sol4Conn","","","","","${EXCLUDE_FROM_POS_FILES}","",""
"JP1","1","Bootsel","","","","","${EXCLUDE_FROM_POS_FILES}","",""
"L1","1","3u3","","","","","${EXCLUDE_FROM_POS_FILES}","",""
"L2","1","8u2","","","","","${EXCLUDE_FROM_POS_FILES}","",""
"Q1,Q2","2","CSD18502Q5B","","","","","${EXCLUDE_FROM_POS_FILES}","Package_TO_SOT_SMD:TDSON-8-1","http://www.ti.com/lit/gpn/csd18502q5b"
"Q3,Q4,Q5,Q6","4","CSD18540Q5B","","","","","${EXCLUDE_FROM_POS_FILES}","Package_TO_SOT_SMD:TDSON-8-1","http://www.ti.com/lit/gpn/csd18540q5b"
"R1,R3,R4,R5,R7,R13","6","100k","","","","","${EXCLUDE_FROM_POS_FILES}","",""
"R2","1","43.5k","","","","","${EXCLUDE_FROM_POS_FILES}","",""
"R6","1","635k","","","","","${EXCLUDE_FROM_POS_FILES}","",""
"R8","1","50k","","","","","${EXCLUDE_FROM_POS_FILES}","",""
"R9,R10","2","1","","","","","${EXCLUDE_FROM_POS_FILES}","",""
"R11","1","35k","","","","","${EXCLUDE_FROM_POS_FILES}","",""
"R12","1","16k","","","","","${EXCLUDE_FROM_POS_FILES}","",""
"R14","1","11k","","","","","${EXCLUDE_FROM_POS_FILES}","",""
"R15","1","10K","","","","","${EXCLUDE_FROM_POS_FILES}","",""
"R16,R18,R20,R22","4","100","","","","","${EXCLUDE_FROM_POS_FILES}","",""
"R17,R19,R21,R23","4","10k","","","","","${EXCLUDE_FROM_POS_FILES}","",""
"U1","1","LM73606RNPR","","","","","${EXCLUDE_FROM_POS_FILES}","RNP30_TEX","https://www.ti.com/lit/gpn/lm73606"
"U2","1","TPS552882RPMR","","","","","${EXCLUDE_FROM_POS_FILES}","RPM0026A-MFG","https://www.ti.com/lit/gpn/tps552882"
"U3","1","ESP32-WROOM-32UE","","","","","${EXCLUDE_FROM_POS_FILES}","RF_Module:ESP32-WROOM-32UE","https://www.espressif.com/sites/default/files/documentation/esp32-wroom-32e_esp32-wroom-32ue_datasheet_en.pdf"
