"Reference","Qty","Value"
"BT1","1","Battery"
"C1,C2","2","10u"
"C3","1","100n"
"C4","1","4p7"
"C5,C6,C7,C8,C10","5","22u"
"C9","1","0u1"
"C11","1","1u"
"J1,J2","2","Conn_01x04"
"J3,J4,J5","3","Conn_01x02_Socket"
"J6","1","AnalogStick Pot1 +/-"
"J7","1","AnalogStick Pot2 +/-"
"JP1","1","BootSel"
"JP2","1","Pull up Jumper 1"
"JP3","1","Pull up Jumper 2"
"L1","1","1u"
"Q1","1","RevPolProt"
"R1,R2","2","1M"
"R3","1","68K"
"R4","1","180K"
"R5,R7,R8,R9,R10,R11,R12","7","10K"
"R6","1","100K"
"U2","1","TPS63020DSJR"
"U3","1","ESP32-WROOM-32UE"
